employee_id,years_experience,education_level,skill_python,skill_sql,skill_aws,skill_cloud,company_size,location,salary
EMP001,0.5,1,0.85,0.60,0.40,0.30,1,Mountain View,75000
EMP002,1.0,1,0.90,0.65,0.45,0.35,1,Austin,78000
EMP003,1.5,2,0.92,0.70,0.50,0.45,2,Seattle,92000
EMP004,2.0,1,0.88,0.68,0.48,0.42,1,Austin,81000
EMP005,2.5,2,0.95,0.75,0.60,0.55,3,San Francisco,105000
EMP006,3.0,3,0.93,0.72,0.55,0.50,2,Seattle,95000
EMP007,3.5,2,0.90,0.70,0.52,0.48,2,Austin,88000
EMP008,4.0,2,0.88,0.68,0.50,0.45,1,San Francisco,92000
EMP009,4.5,3,0.96,0.78,0.65,0.60,3,New York,112000
EMP010,5.0,2,0.94,0.74,0.58,0.52,2,Boston,98000
EMP011,5.5,2,0.90,0.71,0.54,0.48,2,Austin,89000
EMP012,6.0,3,0.97,0.80,0.70,0.65,3,New York,118000
EMP013,6.5,1,0.85,0.62,0.42,0.35,1,Austin,76000
EMP014,7.0,3,0.95,0.76,0.62,0.58,2,San Francisco,102000
EMP015,7.5,2,0.92,0.73,0.56,0.52,2,Seattle,94000
EMP016,8.0,2,0.90,0.70,0.53,0.48,1,Boston,87000
EMP017,8.5,3,0.96,0.78,0.68,0.62,3,New York,115000
EMP018,9.0,2,0.93,0.74,0.59,0.54,2,Austin,90000
EMP019,9.5,1,0.88,0.65,0.46,0.40,1,Mountain View,79000
EMP020,10.0,3,0.98,0.82,0.72,0.68,3,New York,122000
EMP021,10.5,2,0.94,0.76,0.60,0.55,2,Seattle,96000
EMP022,11.0,2,0.91,0.72,0.55,0.50,1,Boston,88000
EMP023,11.5,3,0.97,0.79,0.67,0.62,3,Chicago,110000
EMP024,12.0,1,0.87,0.63,0.44,0.38,1,Austin,77000
EMP025,12.5,2,0.92,0.73,0.57,0.50,2,San Francisco,93000
EMP026,13.0,3,0.96,0.77,0.64,0.58,2,New York,105000
EMP027,13.5,2,0.90,0.70,0.52,0.46,1,Austin,84000
EMP028,14.0,1,0.86,0.61,0.43,0.37,1,Mountain View,75000
EMP029,14.5,3,0.98,0.81,0.70,0.65,3,New York,118000
EMP030,15.0,2,0.93,0.74,0.58,0.52,2,Seattle,95000
EMP031,15.5,2,0.91,0.71,0.54,0.48,2,Boston,89000
EMP032,16.0,3,0.97,0.79,0.68,0.62,3,Chicago,112000
EMP033,16.5,1,0.88,0.62,0.45,0.38,1,Austin,76000
EMP034,17.0,3,0.98,0.81,0.65,0.59,2,New York,108000
EMP035,17.5,2,0.92,0.73,0.56,0.50,2,San Francisco,92000
EMP036,18.0,2,0.90,0.70,0.53,0.47,1,Boston,85000
EMP037,18.5,3,0.98,0.82,0.68,0.62,3,New York,125000
EMP038,19.0,1,0.85,0.60,0.42,0.35,1,Mountain View,74000
EMP039,19.5,2,0.93,0.75,0.59,0.53,2,Austin,91000
EMP040,20.0,3,0.99,0.83,0.73,0.70,3,New York,130000
EMP041,20.5,2,0.94,0.77,0.62,0.56,2,Seattle,98000
EMP042,21.0,1,0.87,0.63,0.44,0.38,1,Boston,78000
EMP043,21.5,3,0.97,0.80,0.68,0.62,2,Chicago,112000
EMP044,22.0,2,0.91,0.72,0.55,0.49,1,Austin,86000
EMP045,22.5,2,0.92,0.74,0.57,0.51,2,San Francisco,94000
EMP046,23.0,3,0.98,0.82,0.72,0.68,3,New York,128000
EMP047,23.5,1,0.86,0.62,0.45,0.39,1,Mountain View,76000
EMP048,24.0,3,0.96,0.78,0.66,0.60,2,Seattle,104000
EMP049,24.5,2,0.90,0.71,0.53,0.48,2,Boston,88000
EMP050,25.0,3,0.99,0.84,0.74,0.72,3,New York,132000
EMP051,2,2,0.91,0.70,0.52,0.47,2,Austin,85000
EMP052,3,1,0.88,0.64,0.46,0.41,1,Mountain View,75000
EMP053,4,3,0.95,0.76,0.61,0.56,3,San Francisco,104000
EMP054,5,2,0.92,0.73,0.56,0.51,2,Boston,90000
EMP055,6,2,0.90,0.71,0.54,0.49,1,Seattle,86000
EMP056,7,3,0.97,0.79,0.67,0.61,3,New York,112000
EMP057,8,1,0.85,0.61,0.44,0.37,1,Austin,74000
EMP058,9,2,0.93,0.74,0.58,0.52,2,Chicago,92000
EMP059,10,3,0.98,0.82,0.72,0.68,3,New York,125000
EMP060,11,2,0.91,0.72,0.55,0.50,2,Boston,87000
EMP061,12,1,0.87,0.63,0.45,0.39,1,Mountain View,76000
EMP062,13,3,0.96,0.78,0.64,0.59,2,San Francisco,102000
EMP063,14,2,0.92,0.73,0.56,0.50,2,Austin,89000
EMP064,15,2,0.90,0.70,0.53,0.47,1,Seattle,84000
EMP065,16,3,0.98,0.81,0.69,0.63,3,New York,120000
EMP066,17,1,0.88,0.64,0.47,0.42,1,Boston,76000
EMP067,18,2,0.93,0.75,0.59,0.53,2,Chicago,92000
EMP068,19,3,0.97,0.79,0.66,0.60,3,New York,113000
EMP069,20,2,0.91,0.71,0.54,0.49,2,San Francisco,90000
EMP070,21,1,0.86,0.61,0.43,0.38,1,Austin,75000
EMP071,22,3,0.99,0.83,0.73,0.70,3,New York,135000
EMP072,22,2,0.94,0.77,0.62,0.55,2,Boston,98000
EMP073,24,2,0.92,0.74,0.57,0.51,1,Mountain View,80000
EMP074,24,3,0.98,0.82,0.68,0.65,3,Chicago,116000
EMP075,25,2,0.95,0.78,0.63,0.56,2,Boston,99000
EMP076,26,1,0.87,0.62,0.44,0.38,1,Austin,74000
EMP077,27,2,0.93,0.75,0.59,0.50,2,Seattle,93000
EMP078,28,1,0.88,0.64,0.44,0.39,1,Boston,79000
EMP078,28,3,0.99,0.83,0.74,0.67,3,New York,140000
EMP079,29,2,0.91,0.73,0.57,0.51,2,San Francisco,96000
EMP080,30,1,0.85,0.60,0.41,0.35,1,Austin,72000
EMP081,31,3,0.99,0.84,0.75,0.72,3,Chicago,128000
EMP082,32,2,0.94,0.78,0.63,0.58,2,Boston,97000
EMP082,32,3,0.99,0.84,0.76,0.69,3,Chicago,138000
EMP083,33,3,0.97,0.81,0.71,0.64,3,New York,122000
EMP084,34,2,0.92,0.74,0.58,0.50,2,Seattle,96000
EMP084,34,3,0.99,0.85,0.77,0.70,3,Seattle,142000
EMP085,35,3,0.98,0.83,0.72,0.68,3,San Francisco,108000
EMP085,35,3,0.99,0.85,0.76,0.71,3,New York,148000
EMP086,36,2,0.93,0.75,0.59,0.55,1,Boston,83000
EMP087,37,2,0.91,0.72,0.55,0.48,2,Chicago,101000
EMP087,37,3,0.99,0.83,0.73,0.66,3,New York,145000
EMP088,38,3,0.96,0.80,0.70,0.65,2,Boston,99000
EMP089,39,2,0.94,0.77,0.61,0.53,2,Seattle,97000
EMP089,39,3,0.99,0.85,0.75,0.71,3,New York,152000
EMP090,40,2,0.92,0.75,0.60,0.54,2,San Francisco,99000
EMP091,41,3,0.99,0.84,0.75,0.73,3,New York,155000
EMP092,42,2,0.93,0.76,0.59,0.52,1,Austin,78000
EMP093,44,3,0.98,0.82,0.70,0.66,3,Chicago,120000
EMP094,45,2,0.96,0.78,0.63,0.58,2,Boston,96000
EMP095,46,3,0.99,0.85,0.74,0.70,3,New York,160000
EMP096,47,1,0.86,0.61,0.42,0.36,1,Mountain View,73000
EMP097,48,2,0.94,0.76,0.60,0.51,2,Seattle,91000
EMP097,48,3,0.99,0.85,0.75,0.70,3,New York,162000
EMP098,49,2,0.91,0.73,0.56,0.49,2,Chicago,118000
EMP099,50,3,0.98,0.83,0.72,0.66,3,New York,170000
EMP100,51,2,0.97,0.81,0.65,0.60,2,Boston,95000